{
  "public": true,
  "headers": [
    {
      "source": "/(.*)",
      "headers": [
        {
          "key": "Access-Control-Allow-Origin",
          "value": "*"
        },
        {
          "key": "X-Content-Type-Options",
          "value": "nosniff"
        },
        {
          "key": "Feature-Policy",
          "value": "*"
        },
        {
          "key": "Referrer-Policy",
          "value": "origin"
        }
      ]
    }
  ],
  "redirects": [
    {
      "source": "/webex/:match*",
      "destination": "https://for-webex.excalidraw.com"
    },
    {
      "source": "/:path*",
      "has": [
        {
          "type": "host",
          "value": "vscode.excalidraw.com"
        }
      ],
      "destination": "https://marketplace.visualstudio.com/items?itemName=pomdtr.excalidraw-editor"
    }
  ],
  "outputDirectory": "excalidraw-app/build",
  "installCommand": "yarn install"
}
